snapshots/LN_2019.09.30-22.54.41.json,3000,0.15015,0.001,10000,-167.8606608,,,,,,
snapshots/LN_2019.10.19-08.00.01.json,3000,0.15015,0.001,10000,-167.8606608,,,,,,
snapshots/LN_2019.11.21-08.00.01.json,3000,0.150015,0.001,10000,-245.85108511,,,,,,
snapshots/LN_2019.12.31-08.00.01.json,3000,0.150015,0.001,10000,-66.60108511,,,,,,
snapshots/LN_2020.01.21-08.00.01.json,3000,0.15015,0.001,10000,-66.6106608,,,,,,
snapshots/LN_2020.03.31-08.00.03.json,3000,0.15015,0.001,10000,-66.6106608,,,,,,
snapshots/LN_2020.04.29-08.00.02.json,3000,0.15015,0.001,10000,-89.8606608,,,,,,
snapshots/LN_2020.05.21-08.00.01.json,3000,0.15015,0.001,10000,-89.8606608,,,,,,
snapshots/LN_2019.09.30-22.54.41.json,30000,1.5015,0.001,10000,-1678.606608,,,,,,
snapshots/LN_2019.10.19-08.00.01.json,30000,1.5015,0.001,10000,-1678.606608,,,,,,
snapshots/LN_2019.11.21-08.00.01.json,30000,1.50015,0.001,10000,-2458.51035105,,,,,,
snapshots/LN_2019.12.31-08.00.01.json,30000,1.50015,0.001,10000,-666.01035105,,,,,,
snapshots/LN_2020.01.21-08.00.01.json,30000,1.5015,0.001,10000,-666.106608,,,,,,
snapshots/LN_2020.03.31-08.00.03.json,30000,1.5015,0.001,10000,-666.106608,,,,,,
snapshots/LN_2020.04.29-08.00.02.json,30000,1.5015,0.001,10000,-898.606608,,,,,,
snapshots/LN_2020.05.21-08.00.01.json,30000,1.5015,0.001,10000,-898.606608,,,,,,
snapshots/LN_2019.09.30-22.54.41.json,300000,15.015,0.001,10000,-13926.06608,,,,,,
snapshots/LN_2019.10.19-08.00.01.json,300000,15.015,0.001,10000,-15486.06608,,,,,,
snapshots/LN_2019.11.21-08.00.01.json,300000,15.0015,0.001,10000,-24585.1035105,,,,,,
snapshots/LN_2019.12.31-08.00.01.json,300000,15.0015,0.001,10000,-11860.1035105,,,,,,
snapshots/LN_2020.01.21-08.00.01.json,300000,15.015,0.001,10000,-10075.8024804,,,,,,
snapshots/LN_2020.03.31-08.00.03.json,300000,15.015,0.001,10000,-12016.8584804,,,,,,
snapshots/LN_2020.04.29-08.00.02.json,300000,15.015,0.001,10000,-8961.06608,,,,,,
snapshots/LN_2020.05.21-08.00.01.json,300000,15.015,0.001,10000,-8986.06608,,,,,,
snapshots/LN_2019.09.30-22.54.41.json,3000000,150.15,0.001,10000,-141725.4610002,,,,,,
snapshots/LN_2019.10.19-08.00.01.json,3000000,150.15,0.001,10000,-142510.6609001,,,,,,
snapshots/LN_2019.11.21-08.00.01.json,3000000,150.015,0.001,10000,-189951.035105,,,,,,
snapshots/LN_2019.12.31-08.00.01.json,3000000,150.015,0.001,10000,-144337.49930502,,,,,,
snapshots/LN_2020.01.21-08.00.01.json,3000000,150.15,0.001,10000,-124082.9532004,,,,,,
snapshots/LN_2020.03.31-08.00.03.json,3000000,150.15,0.001,10000,-106033.6812004,,,,,,
snapshots/LN_2020.04.29-08.00.02.json,3000000,150.15,0.001,10000,-96210.6608,,,,,,
snapshots/LN_2020.05.21-08.00.01.json,3000000,150.15,0.001,10000,-96635.6608,,,,,,
snapshots/LN_2019.09.30-22.54.41.json,30000000,1501.5,0.001,10000,-1460636.9143003,,,,,,
snapshots/LN_2019.10.19-08.00.01.json,30000000,1501.5,0.001,10000,-1341110.6082002,,,,,,
snapshots/LN_2019.11.21-08.00.01.json,30000000,1500.15,0.001,10000,-2042522.71725002,,,,,,
snapshots/LN_2019.12.31-08.00.01.json,30000000,1500.15,0.001,10000,-1416479.55925002,,,,,,
snapshots/LN_2020.01.21-08.00.01.json,30000000,1501.5,0.001,10000,-847323.6868013,,,,,,
snapshots/LN_2020.03.31-08.00.03.json,30000000,1501.5,0.001,10000,-1138133.4771011,,,,,,
snapshots/LN_2020.04.29-08.00.02.json,30000000,1501.5,0.001,10000,-1170662.4844014,,,,,,
snapshots/LN_2020.05.21-08.00.01.json,30000000,1506.505,0.001,10000,-777173.1105508,,,,,,
snapshots/LN_2019.09.30-22.54.41.json,3000,0.01515,0.001,100000,-167.9859408,,,,,,
snapshots/LN_2019.10.19-08.00.01.json,3000,0.01515,0.001,100000,-167.9859408,,,,,,
snapshots/LN_2019.11.21-08.00.01.json,3000,0.015015,0.001,100000,-245.98509511,,,,,,
snapshots/LN_2019.12.31-08.00.01.json,3000,0.015015,0.001,100000,-66.73509511,,,,,,
snapshots/LN_2020.01.21-08.00.01.json,3000,0.01515,0.001,100000,-66.7359408,,,,,,
snapshots/LN_2020.03.31-08.00.03.json,3000,0.01515,0.001,100000,-66.7359408,,,,,,
snapshots/LN_2020.04.29-08.00.02.json,3000,0.01515,0.001,100000,-89.9859408,,,,,,
snapshots/LN_2020.05.21-08.00.01.json,3000,0.01515,0.001,100000,-89.9859408,,,,,,
snapshots/LN_2019.09.30-22.54.41.json,30000,0.1515,0.001,100000,-1679.859408,,,,,,
snapshots/LN_2019.10.19-08.00.01.json,30000,0.1515,0.001,100000,-1679.859408,,,,,,
snapshots/LN_2019.11.21-08.00.01.json,30000,0.15015,0.001,100000,-2459.85090105,,,,,,
snapshots/LN_2019.12.31-08.00.01.json,30000,0.15015,0.001,100000,-667.35090105,,,,,,
snapshots/LN_2020.01.21-08.00.01.json,30000,0.1515,0.001,100000,-667.359408,,,,,,
snapshots/LN_2020.03.31-08.00.03.json,30000,0.1515,0.001,100000,-667.359408,,,,,,
snapshots/LN_2020.04.29-08.00.02.json,30000,0.1515,0.001,100000,-899.859408,,,,,,
snapshots/LN_2020.05.21-08.00.01.json,30000,0.1515,0.001,100000,-899.859408,,,,,,
snapshots/LN_2019.09.30-22.54.41.json,300000,1.515,0.001,100000,-13938.59408,,,,,,
snapshots/LN_2019.10.19-08.00.01.json,300000,1.515,0.001,100000,-15498.59408,,,,,,
snapshots/LN_2019.11.21-08.00.01.json,300000,1.5015,0.001,100000,-24598.5090105,,,,,,
snapshots/LN_2019.12.31-08.00.01.json,300000,1.5015,0.001,100000,-11873.5090105,,,,,,
snapshots/LN_2020.01.21-08.00.01.json,300000,1.515,0.001,100000,-10088.3301204,,,,,,
snapshots/LN_2020.03.31-08.00.03.json,300000,1.515,0.001,100000,-12029.3861204,,,,,,
snapshots/LN_2020.04.29-08.00.02.json,300000,1.515,0.001,100000,-8973.59408,,,,,,
snapshots/LN_2020.05.21-08.00.01.json,300000,1.515,0.001,100000,-8998.59408,,,,,,
snapshots/LN_2019.09.30-22.54.41.json,3000000,15.15,0.001,100000,-141850.7408202,,,,,,
snapshots/LN_2019.10.19-08.00.01.json,3000000,15.15,0.001,100000,-142635.9408101,,,,,,
snapshots/LN_2019.11.21-08.00.01.json,3000000,15.015,0.001,100000,-190085.090105,,,,,,
snapshots/LN_2019.12.31-08.00.01.json,3000000,15.015,0.001,100000,-144471.55412502,,,,,,
snapshots/LN_2020.01.21-08.00.01.json,3000000,15.15,0.001,100000,-124208.2328404,,,,,,
snapshots/LN_2020.03.31-08.00.03.json,3000000,15.15,0.001,100000,-106158.9608404,,,,,,
snapshots/LN_2020.04.29-08.00.02.json,3000000,15.15,0.001,100000,-96335.9408,,,,,,
snapshots/LN_2020.05.21-08.00.01.json,3000000,15.15,0.001,100000,-96760.9408,,,,,,
snapshots/LN_2019.09.30-22.54.41.json,30000000,151.5,0.001,100000,-1461889.7140303,,,,,,
snapshots/LN_2019.10.19-08.00.01.json,30000000,151.5,0.001,100000,-1342363.4080202,,,,,,
snapshots/LN_2019.11.21-08.00.01.json,30000000,150.15,0.001,100000,-2043863.26707002,,,,,,
snapshots/LN_2019.12.31-08.00.01.json,30000000,150.15,0.001,100000,-1417820.10907002,,,,,,
snapshots/LN_2020.01.21-08.00.01.json,30000000,151.5,0.001,100000,-848576.4856313,,,,,,
snapshots/LN_2020.03.31-08.00.03.json,30000000,151.5,0.001,100000,-1139386.2761111,,,,,,
snapshots/LN_2020.04.29-08.00.02.json,30000000,151.5,0.001,100000,-1171915.2831414,,,,,,
snapshots/LN_2020.05.21-08.00.01.json,30000000,152.005,0.001,100000,-778426.1348308,,,,,,
snapshots/LN_2019.09.30-22.54.41.json,300000000,2600.8810828,0.001,10000,-2524417.3372945,,,,,,
snapshots/LN_2019.10.19-08.00.01.json,300000000,3283.4252451,0.001,10000,-2755844.9741261,,,,,,
snapshots/LN_2019.11.21-08.00.01.json,300000000,5545.01104566,0.001,10000,-6216004.72954714,,,,,,
snapshots/LN_2019.12.31-08.00.01.json,300000000,10559.38313273,0.001,10000,-15928353.8810028,,,,,,
snapshots/LN_2020.01.21-08.00.01.json,300000000,2506.3074036,0.001,10000,-1783893.1805716,,,,,,
snapshots/LN_2020.03.31-08.00.03.json,300000000,2644.080439,0.001,10000,-2018677.4011464,,,,,,
snapshots/LN_2020.04.29-08.00.02.json,300000000,2854.6500983,0.001,10000,-2336434.8901326,,,,,,
snapshots/LN_2020.05.21-08.00.01.json,300000000,4062.6755169,0.001,10000,-2213977.422995,,,,,,
snapshots/LN_2019.09.30-22.54.41.json,300000000,262.4265628,0.001,100000,-2526587.4222445,,,,,,
snapshots/LN_2019.10.19-08.00.01.json,300000000,331.2946551,0.001,100000,-2758584.5506361,,,,,,
snapshots/LN_2019.11.21-08.00.01.json,300000000,555.00010566,0.001,100000,-6220953.40528714,,,,,,
snapshots/LN_2019.12.31-08.00.01.json,300000000,1056.88856273,0.001,100000,-15937734.5555328,,,,,,
snapshots/LN_2020.01.21-08.00.01.json,300000000,252.8841636,0.001,100000,-1785984.3561316,,,,,,
snapshots/LN_2020.03.31-08.00.03.json,300000000,266.785339,0.001,100000,-2020883.5293864,,,,,,
snapshots/LN_2020.04.29-08.00.02.json,300000000,288.0316283,0.001,100000,-2338816.7107926,,,,,,
snapshots/LN_2020.05.21-08.00.01.json,300000000,409.9203069,0.001,100000,-2217363.227495,,,,,,
snapshots/LN_2019.09.30-22.54.41.json,3000,1500.00015,0.001,1,1224.0001392,,,,,,
snapshots/LN_2019.09.30-22.54.41.json,3000,0.15015,0.001,10000,-413.8774776,,,,,,
snapshots/LN_2019.10.19-08.00.01.json,3000,0.15015,0.001,10000,-413.8774776,,,,,,
snapshots/LN_2019.11.21-08.00.01.json,3000,0.150015,0.001,10000,-199.37568757,,,,,,
snapshots/LN_2019.12.31-08.00.01.json,3000,0.150015,0.001,10000,-98.10778578,,,,,,
snapshots/LN_2020.01.21-08.00.01.json,3000,0.15015,0.001,10000,-390.6173675,,,,,,
snapshots/LN_2020.03.31-08.00.03.json,3000,0.15015,0.001,10000,-390.6173675,,,,,,
snapshots/LN_2020.04.29-08.00.02.json,3000,0.15015,0.001,10000,-413.8696698,,,,,,
snapshots/LN_2020.05.21-08.00.01.json,3000,0.15015,0.001,10000,-413.8696698,,,,,,
snapshots/LN_2019.09.30-22.54.41.json,30000,1.5015,0.001,10000,-4138.774776,,,,,,
snapshots/LN_2019.10.19-08.00.01.json,30000,1.5015,0.001,10000,-4138.774776,,,,,,
snapshots/LN_2019.11.21-08.00.01.json,30000,1.50015,0.001,10000,-1993.75637565,,,,,,
snapshots/LN_2019.12.31-08.00.01.json,30000,1.50015,0.001,10000,-981.07715773,,,,,,
snapshots/LN_2020.01.21-08.00.01.json,30000,1.5015,0.001,10000,-3906.1734748,,,,,,
snapshots/LN_2020.03.31-08.00.03.json,30000,1.5015,0.001,10000,-3906.1734748,,,,,,
snapshots/LN_2020.04.29-08.00.02.json,30000,1.5015,0.001,10000,-4138.696698,,,,,,
snapshots/LN_2020.05.21-08.00.01.json,30000,1.5015,0.001,10000,-4138.696698,,,,,,
snapshots/LN_2019.09.30-22.54.41.json,300000,15.015,0.001,10000,-41387.461474,,,,,,
snapshots/LN_2019.10.19-08.00.01.json,300000,15.015,0.001,10000,-41387.61763,,,,,,
snapshots/LN_2019.11.21-08.00.01.json,300000,15.0015,0.001,10000,-19937.5637565,,,,,,
snapshots/LN_2019.12.31-08.00.01.json,300000,15.0015,0.001,10000,-9811.29112925,,,,,,
snapshots/LN_2020.01.21-08.00.01.json,300000,15.015,0.001,10000,-40691.5483893,,,,,,
snapshots/LN_2020.03.31-08.00.03.json,300000,15.015,0.001,10000,-40691.7426834,,,,,,
snapshots/LN_2020.04.29-08.00.02.json,300000,15.015,0.001,10000,-41336.9644775,,,,,,
snapshots/LN_2020.05.21-08.00.01.json,300000,15.015,0.001,10000,-41386.96698,,,,,,
snapshots/LN_2019.09.30-22.54.41.json,3000000,150.15,0.001,10000,-443249.6615866,,,,,,
snapshots/LN_2019.10.19-08.00.01.json,3000000,150.15,0.001,10000,-439874.9401651,,,,,,
snapshots/LN_2019.11.21-08.00.01.json,3000000,150.015,0.001,10000,-225370.047006,,,,,,
snapshots/LN_2019.12.31-08.00.01.json,3000000,150.015,0.001,10000,-136271.83734988,,,,,,
snapshots/LN_2020.01.21-08.00.01.json,3000000,150.15,0.001,10000,-409177.5678226,,,,,,
snapshots/LN_2020.03.31-08.00.03.json,3000000,150.15,0.001,10000,-432806.1851177,,,,,,
snapshots/LN_2020.04.29-08.00.02.json,3000000,150.15,0.001,10000,-426570.305435,,,,,,
snapshots/LN_2020.05.21-08.00.01.json,3000000,150.15,0.001,10000,-427420.3479775,,,,,,
snapshots/LN_2019.09.30-22.54.41.json,30000000,1501.5,0.001,10000,-4267254.0174032,,,,,,
snapshots/LN_2019.10.19-08.00.01.json,30000000,1501.5,0.001,10000,-4381340.9927505,,,,,,
snapshots/LN_2019.11.21-08.00.01.json,30000000,1500.15,0.001,10000,-2188129.64889014,,,,,,
snapshots/LN_2019.12.31-08.00.01.json,30000000,1500.15,0.001,10000,-1343890.00642972,,,,,,
snapshots/LN_2020.01.21-08.00.01.json,30000000,1501.5,0.001,10000,-3996848.871373,,,,,,
snapshots/LN_2020.03.31-08.00.03.json,30000000,1501.5,0.001,10000,-4268346.7675536,,,,,,
snapshots/LN_2020.04.29-08.00.02.json,30000000,1501.5,0.001,10000,-4219272.8850068,,,,,,
snapshots/LN_2020.05.21-08.00.01.json,30000000,1506.505,0.001,10000,-4039403.7819073,,,,,,
snapshots/LN_2019.09.30-22.54.41.json,300000000,2600.8810828,0.001,10000,-7654601.2868774,,,,,,
snapshots/LN_2019.10.19-08.00.01.json,300000000,3283.4252451,0.001,10000,-9437554.5523154,,,,,,
snapshots/LN_2019.11.21-08.00.01.json,300000000,5545.01104566,0.001,10000,-6367840.16599448,,,,,,
snapshots/LN_2019.12.31-08.00.01.json,300000000,10559.38313273,0.001,10000,-12470121.8822834,,,,,,
snapshots/LN_2020.01.21-08.00.01.json,300000000,2506.3074036,0.001,10000,-6670582.2451936,,,,,,
snapshots/LN_2020.03.31-08.00.03.json,300000000,2644.080439,0.001,10000,-7433400.9759591,,,,,,
snapshots/LN_2020.04.29-08.00.02.json,300000000,2854.6500983,0.001,10000,-7881744.6082408,,,,,,
snapshots/LN_2020.05.21-08.00.01.json,300000000,4062.6755169,0.001,10000,-10959510.9270693,,,,,,
snapshots/LN_2019.09.30-22.54.41.json,3000,1500.00015,0.001,1,810.0001224,,,,,,
snapshots/LN_2019.10.19-08.00.01.json,3000,1500.00015,0.001,1,810.0001224,,,,,,
snapshots/LN_2019.11.21-08.00.01.json,3000,1500.000015,0.001,1,1043.50001243,,,,,,
snapshots/LN_2019.12.31-08.00.01.json,3000,1500.000015,0.001,1,1323.75001422,,,,,,
snapshots/LN_2020.01.21-08.00.01.json,3000,1500.00015,0.001,1,934.2501325,,,,,,
snapshots/LN_2020.03.31-08.00.03.json,3000,1500.00015,0.001,1,934.2501325,,,,,,
snapshots/LN_2020.04.29-08.00.02.json,3000,1500.00015,0.001,1,888.0001302,,,,,,
snapshots/LN_2020.05.21-08.00.01.json,3000,1500.00015,0.001,1,888.0001302,,,,,,
snapshots/LN_2019.09.30-22.54.41.json,30000,15000.0015,0.001,1,8100.001224,,,,,,
snapshots/LN_2019.10.19-08.00.01.json,30000,15000.0015,0.001,1,8100.001224,,,,,,
snapshots/LN_2019.11.21-08.00.01.json,30000,15000.00015,0.001,1,10440.00012435,,,,,,
snapshots/LN_2019.12.31-08.00.01.json,30000,15000.00015,0.001,1,13244.50014227,,,,,,
snapshots/LN_2020.01.21-08.00.01.json,30000,15000.0015,0.001,1,9344.5013252,,,,,,
snapshots/LN_2020.03.31-08.00.03.json,30000,15000.0015,0.001,1,9344.5013252,,,,,,
snapshots/LN_2020.04.29-08.00.02.json,30000,15000.0015,0.001,1,8880.001302,,,,,,
snapshots/LN_2020.05.21-08.00.01.json,30000,15000.0015,0.001,1,8880.001302,,,,,,
snapshots/LN_2019.09.30-22.54.41.json,300000,150000.015,0.001,1,83860.012526,,,,,,
snapshots/LN_2019.10.19-08.00.01.json,300000,150000.015,0.001,1,82300.01237,,,,,,
snapshots/LN_2019.11.21-08.00.01.json,300000,150000.0015,0.001,1,104400.0012435,,,,,,
snapshots/LN_2019.12.31-08.00.01.json,300000,150000.0015,0.001,1,127250.00137075,,,,,,
snapshots/LN_2020.01.21-08.00.01.json,300000,150000.015,0.001,1,88402.5409107,,,,,,
snapshots/LN_2020.03.31-08.00.03.json,300000,150000.015,0.001,1,86461.5407166,,,,,,
snapshots/LN_2020.04.29-08.00.02.json,300000,150000.015,0.001,1,88875.0130225,,,,,,
snapshots/LN_2020.05.21-08.00.01.json,300000,150000.015,0.001,1,88800.01302,,,,,,
snapshots/LN_2019.09.30-22.54.41.json,3000000,1500000.15,0.001,1,806759.3250134,,,,,,
snapshots/LN_2019.10.19-08.00.01.json,3000000,1500000.15,0.001,1,809349.1249349,,,,,,
snapshots/LN_2019.11.21-08.00.01.json,3000000,1500000.015,0.001,1,1073900.012994,,,,,,
snapshots/LN_2019.12.31-08.00.01.json,3000000,1500000.015,0.001,1,1208605.66145012,,,,,,
snapshots/LN_2020.01.21-08.00.01.json,3000000,1500000.15,0.001,1,858469.6547774,,,,,,
snapshots/LN_2020.03.31-08.00.03.json,3000000,1500000.15,0.001,1,852888.2325823,,,,,,
snapshots/LN_2020.04.29-08.00.02.json,3000000,1500000.15,0.001,1,868950.129565,,,,,,
snapshots/LN_2020.05.21-08.00.01.json,3000000,1500000.15,0.001,1,867675.1295225,,,,,,
snapshots/LN_2019.09.30-22.54.41.json,30000000,15000001.5,0.001,1,8189468.1857968,,,,,,
snapshots/LN_2019.10.19-08.00.01.json,30000000,15000001.5,0.001,1,8194896.2577495,,,,,,
snapshots/LN_2019.11.21-08.00.01.json,30000000,15000000.15,0.001,1,10661571.2525099,,,,,,
snapshots/LN_2019.12.31-08.00.01.json,30000000,15000000.15,0.001,1,12131790.2907703,,,,,,
snapshots/LN_2020.01.21-08.00.01.json,30000000,15000001.5,0.001,1,9073114.001627,,,,,,
snapshots/LN_2020.03.31-08.00.03.json,30000000,15000001.5,0.001,1,8510839.1860464,,,,,,
snapshots/LN_2020.04.29-08.00.02.json,30000000,15000001.5,0.001,1,8527384.3217932,,,,,,
snapshots/LN_2020.05.21-08.00.01.json,30000000,15050001.505,0.001,1,9103208.8253927,,,,,,
snapshots/LN_2019.09.30-22.54.41.json,300000000,25982830.5982828,0.001,1,13928466.1905226,,,,,,
snapshots/LN_2019.10.19-08.00.01.json,300000000,32801454.2801451,0.001,1,18240523.3630846,,,,,,
snapshots/LN_2019.11.21-08.00.01.json,300000000,55444566.5544457,0.001,1,42807793.7788055,,,,,,
snapshots/LN_2019.12.31-08.00.01.json,300000000,105583274.055833,0.001,1,80652228.9513166,,,,,,
snapshots/LN_2020.01.21-08.00.01.json,300000000,25038038.5038036,0.001,1,14776336.8484064,,,,,,
snapshots/LN_2019.09.30-22.54.41.json,3000000,1500000.15,0.001,1,806759.3250134,,,,,,
snapshots/LN_2019.10.19-08.00.01.json,3000000,1500000.15,0.001,1,809349.1249349,,,,,,
snapshots/LN_2019.11.21-08.00.01.json,3000000,1500000.015,0.001,1,1073900.012994,,,,,,
snapshots/LN_2019.12.31-08.00.01.json,3000000,1500000.015,0.001,1,1208605.66145012,,,,,,
snapshots/LN_2020.01.21-08.00.01.json,3000000,1500000.15,0.001,1,858469.6547774,,,,,,
snapshots/LN_2020.03.31-08.00.03.json,3000000,1500000.15,0.001,1,852888.2325823,,,,,,
snapshots/LN_2020.04.29-08.00.02.json,3000000,1500000.15,0.001,1,868950.129565,,,,,,
snapshots/LN_2020.05.21-08.00.01.json,3000000,1500000.15,0.001,1,867675.1295225,,,,,,
snapshots/LN_2019.09.30-22.54.41.json,3000000,150000.15,0.001,10,-318361.2749866,,,,,,
snapshots/LN_2019.10.19-08.00.01.json,3000000,150000.15,0.001,10,-315064.9750651,,,,,,
snapshots/LN_2019.11.21-08.00.01.json,3000000,150000.015,0.001,10,-95559.987006,,,,,,
snapshots/LN_2019.12.31-08.00.01.json,3000000,150000.015,0.001,10,-1905.13854988001,,,,,,
snapshots/LN_2020.01.21-08.00.01.json,3000000,150000.15,0.001,10,-282526.9452226,,,,,,
snapshots/LN_2020.03.31-08.00.03.json,3000000,150000.15,0.001,10,-304352.4674177,,,,,,
snapshots/LN_2020.04.29-08.00.02.json,3000000,150000.15,0.001,10,-297134.870435,,,,,,
snapshots/LN_2020.05.21-08.00.01.json,3000000,150000.15,0.001,10,-298027.3704775,,,,,,
snapshots/LN_2019.09.30-22.54.41.json,3000000,15000.15,0.001,100,-430873.3349866,,,,,,
snapshots/LN_2019.10.19-08.00.01.json,3000000,15000.15,0.001,100,-427506.3850651,,,,,,
snapshots/LN_2019.11.21-08.00.01.json,3000000,15000.015,0.001,100,-212505.987006,,,,,,
snapshots/LN_2019.12.31-08.00.01.json,3000000,15000.015,0.001,100,-122956.21854988,,,,,,
snapshots/LN_2020.01.21-08.00.01.json,3000000,15000.15,0.001,100,-396626.6052226,,,,,,
snapshots/LN_2020.03.31-08.00.03.json,3000000,15000.15,0.001,100,-420076.5374177,,,,,,
snapshots/LN_2020.04.29-08.00.02.json,3000000,15000.15,0.001,100,-413743.370435,,,,,,
snapshots/LN_2020.05.21-08.00.01.json,3000000,15000.15,0.001,100,-414597.6204775,,,,,,
snapshots/LN_2019.09.30-22.54.41.json,3000000,1500.15,0.001,1000,-442124.5409866,,,,,,
snapshots/LN_2019.10.19-08.00.01.json,3000000,1500.15,0.001,1000,-438750.5260651,,,,,,
snapshots/LN_2019.11.21-08.00.01.json,3000000,1500.015,0.001,1000,-224200.587006,,,,,,
snapshots/LN_2019.12.31-08.00.01.json,3000000,1500.015,0.001,1000,-135061.32654988,,,,,,
snapshots/LN_2020.01.21-08.00.01.json,3000000,1500.15,0.001,1000,-408036.5712226,,,,,,
snapshots/LN_2020.03.31-08.00.03.json,3000000,1500.15,0.001,1000,-431648.9444177,,,,,,
snapshots/LN_2020.04.29-08.00.02.json,3000000,1500.15,0.001,1000,-425404.220435,,,,,,
snapshots/LN_2020.05.21-08.00.01.json,3000000,1500.15,0.001,1000,-426254.6454775,,,,,,
snapshots/LN_2019.09.30-22.54.41.json,3000000,150.15,0.001,10000,-443249.6615866,,,,,,
snapshots/LN_2019.10.19-08.00.01.json,3000000,150.15,0.001,10000,-439874.9401651,,,,,,
snapshots/LN_2019.11.21-08.00.01.json,3000000,150.015,0.001,10000,-225370.047006,,,,,,
snapshots/LN_2019.12.31-08.00.01.json,3000000,150.015,0.001,10000,-136271.83734988,,,,,,
snapshots/LN_2020.01.21-08.00.01.json,3000000,150.15,0.001,10000,-409177.5678226,,,,,,
snapshots/LN_2020.03.31-08.00.03.json,3000000,150.15,0.001,10000,-432806.1851177,,,,,,
snapshots/LN_2020.04.29-08.00.02.json,3000000,150.15,0.001,10000,-426570.305435,,,,,,
snapshots/LN_2020.05.21-08.00.01.json,3000000,150.15,0.001,10000,-427420.3479775,,,,,,
snapshots/LN_2019.09.30-22.54.41.json,3000000,15.15,0.001,100000,-443362.1736466,,,,,,
snapshots/LN_2019.10.19-08.00.01.json,3000000,15.15,0.001,100000,-439987.3815751,,,,,,
snapshots/LN_2019.11.21-08.00.01.json,3000000,15.015,0.001,100000,-225486.993006,,,,,,
snapshots/LN_2019.12.31-08.00.01.json,3000000,15.015,0.001,100000,-136392.88842988,,,,,,
snapshots/LN_2020.01.21-08.00.01.json,3000000,15.15,0.001,100000,-409291.6674826,,,,,,
snapshots/LN_2020.03.31-08.00.03.json,3000000,15.15,0.001,100000,-432921.9091877,,,,,,
snapshots/LN_2020.04.29-08.00.02.json,3000000,15.15,0.001,100000,-426686.913935,,,,,,
snapshots/LN_2020.05.21-08.00.01.json,3000000,15.15,0.001,100000,-427536.9182275,,,,,,
snapshots/LN_2019.09.30-22.54.41.json,3000,0,0.001,1,0,,,,,,
snapshots/LN_2019.10.19-08.00.01.json,3000,0,0.001,1,0,,,,,,
snapshots/LN_2019.11.21-08.00.01.json,3000,0,0.001,1,0,,,,,,
snapshots/LN_2019.12.31-08.00.01.json,3000,0,0.001,1,0,,,,,,
snapshots/LN_2020.01.21-08.00.01.json,3000,0,0.001,1,0,,,,,,
snapshots/LN_2020.03.31-08.00.03.json,3000,0,0.001,1,0,,,,,,
snapshots/LN_2020.04.29-08.00.02.json,3000,0,0.001,1,0,,,,,,
snapshots/LN_2019.09.30-22.54.41.json,3000,1500.00015,0.001,1,810.0001224,,,,,,
snapshots/LN_2019.09.30-22.54.41.json,3000,0,0.001,100,0,,,,,,
snapshots/LN_2019.10.19-08.00.01.json,3000,0,0.001,100,0,,,,,,
snapshots/LN_2019.09.30-22.54.41.json,3000,15.00015,0.001,100,0,,,,,,
snapshots/LN_2019.09.30-22.54.41.json,3000,1500.00015,0.001,1,1500.00015,,,,,,
snapshots/LN_2019.10.19-08.00.01.json,3000,1500.00015,0.001,1,1500.00015,,,,,,
snapshots/LN_2019.11.21-08.00.01.json,3000,1500.000015,0.001,1,1500.000015,,,,,,
snapshots/LN_2019.12.31-08.00.01.json,3000,1500.000015,0.001,1,1500.000015,,,,,,
snapshots/LN_2019.09.30-22.54.41.json,3000,1500.00015,0.001,1,1500.00015,,,,,,
snapshots/LN_2019.09.30-22.54.41.json,3000,1500.00015,0.001,1,1230.64721031556,,,,,,
snapshots/LN_2019.09.30-22.54.41.json,3000,1500.00015,0.001,1,1493.83309112831,,,,,,
snapshots/LN_2019.10.19-08.00.01.json,3000,1500.00015,0.001,1,1493.14251016896,,,,,,
snapshots/LN_2019.11.21-08.00.01.json,3000,1500.000015,0.001,1,1495.44918958933,,,,,,
snapshots/LN_2019.12.31-08.00.01.json,3000,1500.000015,0.001,1,1498.22893647311,,,,,,
snapshots/LN_2020.01.21-08.00.01.json,3000,1500.00015,0.001,1,1493.58859620199,,,,,,
snapshots/LN_2019.09.30-22.54.41.json,300000,150.015,0.001,1000,-76.1509995342958,,,,,,
snapshots/LN_2019.10.19-08.00.01.json,300000,150.015,0.001,1000,-91.3808435174698,,,,,,
snapshots/LN_2019.11.21-08.00.01.json,300000,150.0015,0.001,1000,-2.25034842830564,,,,,,
snapshots/LN_2019.12.31-08.00.01.json,300000,150.0015,0.001,1000,76.108834709607,,,,,,
snapshots/LN_2020.01.21-08.00.01.json,300000,150.015,0.001,1000,-124.305487649945,,,,,,
snapshots/LN_2020.03.31-08.00.03.json,300000,150.015,0.001,1000,-117.740048745432,,,,,,
snapshots/LN_2020.04.29-08.00.02.json,300000,150.015,0.001,1000,-1339.29368741985,,,,,,
snapshots/LN_2020.05.21-08.00.01.json,300000,150.015,0.001,1000,-773.319653415127,,,,,,
snapshots/LN_2019.09.30-22.54.41.json,3000000,1500.15,0.001,1000,-976.595221318655,,,,,,
snapshots/LN_2019.10.19-08.00.01.json,3000000,1500.15,0.001,1000,-1087.40807334573,,,,,,
snapshots/LN_2019.09.30-22.54.41.json,3000,0.15015,0.001,10000,-2.01730887168889,,,,,,
snapshots/LN_2019.10.19-08.00.01.json,3000,0.15015,0.001,10000,-2.70788983104341,,,,,,
snapshots/LN_2019.11.21-08.00.01.json,3000,0.150015,0.001,10000,-1.40111041066712,,,,,,
snapshots/LN_2019.12.31-08.00.01.json,3000,0.150015,0.001,10000,-0.621163526893022,,,,,,
snapshots/LN_2020.01.21-08.00.01.json,3000,0.15015,0.001,10000,-4.26160379801461,,,,,,
snapshots/LN_2020.03.31-08.00.03.json,3000,0.15015,0.001,10000,-5.07549589709638,,,,,,
snapshots/LN_2020.04.29-08.00.02.json,3000,0.15015,0.001,10000,-21.493497256547,,,,,,
snapshots/LN_2019.09.30-22.54.41.json,3000,0.15015,0.001,10000,-2.01730887168889,,,,,,
snapshots/LN_2019.10.19-08.00.01.json,3000,0.15015,0.001,10000,-2.70788983104341,,,,,,
snapshots/LN_2019.11.21-08.00.01.json,3000,0.150015,0.001,10000,-1.40111041066712,,,,,,
snapshots/LN_2019.12.31-08.00.01.json,3000,0.150015,0.001,10000,-0.621163526893022,,,,,,
snapshots/LN_2020.01.21-08.00.01.json,3000,0.15015,0.001,10000,-4.26160379801461,,,,,,
snapshots/LN_2020.03.31-08.00.03.json,3000,0.15015,0.001,10000,-5.07549589709638,,,,,,
snapshots/LN_2020.04.29-08.00.02.json,3000,0.15015,0.001,10000,-21.493497256547,,,,,,
snapshots/LN_2020.05.21-08.00.01.json,3000,0.15015,0.001,10000,-19.2246245820917,,,,,,
snapshots/LN_2019.09.30-22.54.41.json,30000,1.5015,0.001,10000,-20.1723880168889,,,,,,
snapshots/LN_2019.10.19-08.00.01.json,30000,1.5015,0.001,10000,-27.0779974104341,,,,,,
snapshots/LN_2019.11.21-08.00.01.json,30000,1.50015,0.001,10000,-14.0106040566712,,,,,,
snapshots/LN_2019.12.31-08.00.01.json,30000,1.50015,0.001,10000,-6.21123522893022,,,,,,
snapshots/LN_2020.01.21-08.00.01.json,30000,1.5015,0.001,10000,-42.6152371801461,,,,,,
snapshots/LN_2020.03.31-08.00.03.json,30000,1.5015,0.001,10000,-50.7543583709638,,,,,,
snapshots/LN_2020.04.29-08.00.02.json,30000,1.5015,0.001,10000,-214.93447206547,,,,,,
snapshots/LN_2020.05.21-08.00.01.json,30000,1.5015,0.001,10000,-192.245445020917,,,,,,
snapshots/LN_2019.09.30-22.54.41.json,300000,15.015,0.001,10000,-210.925099534296,,,,,,
snapshots/LN_2019.10.19-08.00.01.json,300000,15.015,0.001,10000,-226.15134351747,,,,,,
snapshots/LN_2019.11.21-08.00.01.json,300000,15.0015,0.001,10000,-137.037048428306,,,,,,
snapshots/LN_2019.12.31-08.00.01.json,300000,15.0015,0.001,10000,-58.814665290393,,,,,,
snapshots/LN_2020.01.21-08.00.01.json,300000,15.015,0.001,10000,-259.189387649945,,,,,,
snapshots/LN_2020.03.31-08.00.03.json,300000,15.015,0.001,10000,-252.601448745432,,,,,,
snapshots/LN_2020.04.29-08.00.02.json,300000,15.015,0.001,10000,-1473.96698741985,,,,,,
snapshots/LN_2020.05.21-08.00.01.json,300000,15.015,0.001,10000,-908.004653415127,,,,,,
snapshots/LN_2019.09.30-22.54.41.json,3000000,150.15,0.001,10000,-2324.51442131865,,,,,,
snapshots/LN_2019.10.19-08.00.01.json,3000000,150.15,0.001,10000,-2435.43797334573,,,,,,
snapshots/LN_2019.11.21-08.00.01.json,3000000,150.015,0.001,10000,-1450.15622723877,,,,,,
snapshots/LN_2019.12.31-08.00.01.json,3000000,150.015,0.001,10000,-796.144713134825,,,,,,
snapshots/LN_2020.01.21-08.00.01.json,3000000,150.15,0.001,10000,-2720.37399160769,,,,,,
snapshots/LN_2020.03.31-08.00.03.json,3000000,150.15,0.001,10000,-2354.64860006137,,,,,,
snapshots/LN_2020.04.29-08.00.02.json,3000000,150.15,0.001,10000,-6640.48359643319,,,,,,
snapshots/LN_2020.05.21-08.00.01.json,3000000,150.15,0.001,10000,-5419.45831633454,,,,,,
snapshots/LN_2019.09.30-22.54.41.json,30000000,1501.5,0.001,10000,-26526.0717915744,,,,,,
snapshots/LN_2019.09.30-22.54.41.json,30000000,1501.5,0.001,10000,-26526.0717915744,,,,,,
snapshots/LN_2019.10.19-08.00.01.json,30000000,1501.5,0.001,10000,-28621.5433333896,,,,,,
snapshots/LN_2019.09.30-22.54.41.json,30000000,1501.5,0.001,10000,-26526.0717915744,,,,,,
snapshots/LN_2019.10.19-08.00.01.json,30000000,1501.5,0.001,10000,-28621.5433333896,,,,,,
snapshots/LN_2019.09.30-22.54.41.json,3000,0.15015,0.01,10000,0.0925925,,,,,,
snapshots/LN_2019.10.19-08.00.01.json,3000,0.15015,0.01,10000,0.0925925,,,,,,
snapshots/LN_2019.11.21-08.00.01.json,3000,0.150015,0.01,10000,0.06950695,,,,,,
snapshots/LN_2019.12.31-08.00.01.json,3000,0.150015,0.01,10000,0.08570857,,,,,,
snapshots/LN_2020.01.21-08.00.01.json,3000,0.15015,0.01,10000,0.1054053,,,,,,
snapshots/LN_2020.03.31-08.00.03.json,3000,0.15015,0.01,10000,0.1054053,,,,,,
snapshots/LN_2020.04.29-08.00.02.json,3000,0.15015,0.01,10000,0.1020019,,,,,,
snapshots/LN_2020.05.21-08.00.01.json,3000,0.15015,0.01,10000,0.1020019,,,,,,
snapshots/LN_2019.09.30-22.54.41.json,30000,1.5015,0.01,10000,0.9263254,,,,,,
snapshots/LN_2019.10.19-08.00.01.json,30000,1.5015,0.01,10000,0.9263254,,,,,,
snapshots/LN_2019.11.21-08.00.01.json,30000,1.50015,0.01,10000,0.69516951,,,,,,
snapshots/LN_2019.12.31-08.00.01.json,30000,1.50015,0.01,10000,0.85768576,,,,,,
snapshots/LN_2020.01.21-08.00.01.json,30000,1.5015,0.01,10000,1.0543533,,,,,,
snapshots/LN_2020.03.31-08.00.03.json,30000,1.5015,0.01,10000,1.0543533,,,,,,
snapshots/LN_2020.04.29-08.00.02.json,30000,1.5015,0.01,10000,1.0202192,,,,,,
snapshots/LN_2020.05.21-08.00.01.json,30000,1.5015,0.01,10000,1.0202192,,,,,,
snapshots/LN_2019.09.30-22.54.41.json,300000,15.015,0.01,10000,9.6076981,,,,,,
snapshots/LN_2019.10.19-08.00.01.json,300000,15.015,0.01,10000,9.4198104,,,,,,
snapshots/LN_2019.11.21-08.00.01.json,300000,15.0015,0.01,10000,6.95179511,,,,,,
snapshots/LN_2019.12.31-08.00.01.json,300000,15.0015,0.01,10000,6.84898483,,,,,,
snapshots/LN_2020.01.21-08.00.01.json,300000,15.015,0.01,10000,10.084074,,,,,,
snapshots/LN_2020.03.31-08.00.03.json,300000,15.015,0.01,10000,9.7444347,,,,,,
snapshots/LN_2020.04.29-08.00.02.json,300000,15.015,0.01,10000,10.2084983,,,,,,
snapshots/LN_2020.05.21-08.00.01.json,300000,15.015,0.01,10000,10.2023922,,,,,,
snapshots/LN_2019.09.30-22.54.41.json,3000000,150.15,0.01,10000,98.1146166,,,,,,
snapshots/LN_2019.10.19-08.00.01.json,3000000,150.15,0.01,10000,97.7231255,,,,,,
snapshots/LN_2019.11.21-08.00.01.json,3000000,150.015,0.01,10000,81.4811473,,,,,,
snapshots/LN_2019.12.31-08.00.01.json,3000000,150.015,0.01,10000,71.32253154,,,,,,
snapshots/LN_2020.01.21-08.00.01.json,3000000,150.15,0.01,10000,97.362265,,,,,,
snapshots/LN_2020.03.31-08.00.03.json,3000000,150.15,0.01,10000,101.5599585,,,,,,
snapshots/LN_2020.04.29-08.00.02.json,3000000,150.15,0.01,10000,102.1492472,,,,,,
snapshots/LN_2020.05.21-08.00.01.json,3000000,150.15,0.01,10000,102.2564543,,,,,,
snapshots/LN_2019.09.30-22.54.41.json,30000000,1501.5,0.01,10000,957.8524956,,,,,,
snapshots/LN_2019.10.19-08.00.01.json,30000000,1501.5,0.01,10000,986.3437584,,,,,,
snapshots/LN_2019.11.21-08.00.01.json,30000000,1500.15,0.01,10000,784.28912107,,,,,,
snapshots/LN_2019.12.31-08.00.01.json,30000000,1500.15,0.01,10000,721.39543233,,,,,,
snapshots/LN_2020.01.21-08.00.01.json,30000000,1501.5,0.01,10000,1026.3010758,,,,,,
snapshots/LN_2020.03.31-08.00.03.json,30000000,1501.5,0.01,10000,1000.3116123,,,,,,
snapshots/LN_2020.04.29-08.00.02.json,30000000,1501.5,0.01,10000,997.1978016,,,,,,
snapshots/LN_2020.05.21-08.00.01.json,30000000,1506.505,0.01,10000,1044.0784354,,,,,,
snapshots/LN_2019.09.30-22.54.41.json,300000000,2600.8810828,0.01,10000,1684.2254429,,,,,,
snapshots/LN_2019.10.19-08.00.01.json,300000000,3283.4252451,0.01,10000,2164.9094467,,,,,,
snapshots/LN_2019.11.21-08.00.01.json,300000000,5545.01104566,0.01,10000,2876.75354659,,,,,,
snapshots/LN_2019.12.31-08.00.01.json,300000000,10559.38313273,0.01,10000,5418.41938776,,,,,,
snapshots/LN_2020.01.21-08.00.01.json,300000000,2506.3074036,0.01,10000,1658.118462,,,,,,
snapshots/LN_2020.03.31-08.00.03.json,300000000,2644.080439,0.01,10000,1755.565812,,,,,,
snapshots/LN_2020.04.29-08.00.02.json,300000000,2854.6500983,0.01,10000,1874.9935204,,,,,,
snapshots/LN_2020.05.21-08.00.01.json,300000000,4062.6755169,0.01,10000,2795.1034111,,,,,,
snapshots/LN_2019.09.30-22.54.41.json,3000,0.15015,0.01,10000,0.0925925,,,,,,
snapshots/LN_2019.09.30-22.54.41.json,3000,0.15015,1500,0.01,10000,0.0925925,1452.02829157624,,,,
snapshots/LN_2019.10.19-08.00.01.json,3000,0.15015,1500,0.01,10000,0.0925925,1452.02829157624,,,,
snapshots/LN_2019.11.21-08.00.01.json,3000,0.150015,1500,0.01,10000,0.06950695,1454.42644521622,,,,
snapshots/LN_2019.12.31-08.00.01.json,3000,0.150015,1500,0.01,10000,0.08570857,1521.7545652375,,,,
snapshots/LN_2020.01.21-08.00.01.json,3000,0.15015,1500,0.01,10000,0.1054053,1464.505702852,,,,
snapshots/LN_2020.03.31-08.00.03.json,3000,0.15015,1500,0.01,10000,0.1054053,1464.505702852,,,,
snapshots/LN_2020.04.29-08.00.02.json,3000,0.15015,1500,0.01,10000,0.1020019,1504.18537307325,,,,
snapshots/LN_2020.05.21-08.00.01.json,3000,0.15015,1500,0.01,10000,0.1020019,1504.18537307325,,,,
snapshots/LN_2019.09.30-22.54.41.json,30000,1.5015,15000,0.01,10000,0.9263254,14520.2829157624,,,,
snapshots/LN_2019.10.19-08.00.01.json,30000,1.5015,15000,0.01,10000,0.9263254,14520.2829157624,,,,
snapshots/LN_2019.11.21-08.00.01.json,30000,1.50015,15000,0.01,10000,0.69516951,14544.2644521622,,,,
snapshots/LN_2019.12.31-08.00.01.json,30000,1.50015,15000,0.01,10000,0.85768576,15217.545652375,,,,
snapshots/LN_2020.01.21-08.00.01.json,30000,1.5015,15000,0.01,10000,1.0543533,14645.05702852,,,,
snapshots/LN_2020.03.31-08.00.03.json,30000,1.5015,15000,0.01,10000,1.0543533,14645.05702852,,,,
snapshots/LN_2020.04.29-08.00.02.json,30000,1.5015,15000,0.01,10000,1.0202192,15041.8537307325,,,,
snapshots/LN_2020.05.21-08.00.01.json,30000,1.5015,15000,0.01,10000,1.0202192,15041.8537307325,,,,
snapshots/LN_2019.09.30-22.54.41.json,300000,15.015,150000,0.01,10000,9.6076981,147115.255479181,,,,
snapshots/LN_2019.10.19-08.00.01.json,300000,15.015,150000,0.01,10000,9.4198104,146072.11384924,,,,
snapshots/LN_2019.11.21-08.00.01.json,300000,15.0015,150000,0.01,10000,6.95179511,145442.644521622,,,,
snapshots/LN_2019.12.31-08.00.01.json,300000,15.0015,150000,0.01,10000,6.84898483,151768.565564033,,,,
snapshots/LN_2020.01.21-08.00.01.json,300000,15.015,150000,0.01,10000,10.084074,147436.17810011,,,,
snapshots/LN_2020.03.31-08.00.03.json,300000,15.015,150000,0.01,10000,9.7444347,148360.175590624,,,,
snapshots/LN_2020.04.29-08.00.02.json,300000,15.015,150000,0.01,10000,10.2084983,150236.432540609,,,,
snapshots/LN_2020.05.21-08.00.01.json,300000,15.015,150000,0.01,10000,10.2023922,150418.537307325,,,,
snapshots/LN_2019.09.30-22.54.41.json,3000000,150.15,1500000,0.01,10000,98.1146166,1467841.45618879,,,,
snapshots/LN_2019.10.19-08.00.01.json,3000000,150.15,1500000,0.01,10000,97.7231255,1475683.94377961,,,,
snapshots/LN_2019.11.21-08.00.01.json,3000000,150.015,1500000,0.01,10000,81.4811473,1474138.17819479,,,,
snapshots/LN_2019.09.30-22.54.41.json,3000,0.15015,1500,0.001,10000,0.0824824,2368.77303993561,,,,
snapshots/LN_2019.10.19-08.00.01.json,3000,0.15015,1500,0.001,10000,0.0907907,2259.07913535975,,,,
snapshots/LN_2019.11.21-08.00.01.json,3000,0.150015,1500,0.001,10000,0.13421342,1861.65306594975,,,,
snapshots/LN_2019.12.31-08.00.01.json,3000,0.150015,1500,0.001,10000,0.1350135,1826.81428813921,,,,
snapshots/LN_2020.01.21-08.00.01.json,3000,0.15015,1500,0.001,10000,0.12012,2993.68846560687,,,,
snapshots/LN_2020.03.31-08.00.03.json,3000,0.15015,1500,0.001,10000,0.1442441,1845.52727271574,,,,
snapshots/LN_2020.04.29-08.00.02.json,3000,0.15015,1500,0.001,10000,0.1327326,2592.5678049835,,,,
snapshots/LN_2020.05.21-08.00.01.json,3000,0.15015,1500,0.001,10000,0.1390389,2050.79011357744,0.15011625,0.1223294525,1500,2224.86164828348
snapshots/LN_2019.09.30-22.54.41.json,30000,1.5015,15000,0.001,10000,0.8247239,23696.6539746986,,,,
snapshots/LN_2019.10.19-08.00.01.json,30000,1.5015,15000,0.001,10000,0.9074065,22598.4422040067,,,,
snapshots/LN_2019.11.21-08.00.01.json,30000,1.50015,15000,0.001,10000,1.34153414,18631.1106594975,,,,
snapshots/LN_2019.12.31-08.00.01.json,30000,1.50015,15000,0.001,10000,1.35023501,18271.932842956,,,,
snapshots/LN_2020.01.21-08.00.01.json,30000,1.5015,15000,0.001,10000,1.2013001,29946.9509871016,,,,
snapshots/LN_2020.03.31-08.00.03.json,30000,1.5015,15000,0.001,10000,1.4425411,18461.5641836779,,,,
snapshots/LN_2020.04.29-08.00.02.json,30000,1.5015,15000,0.001,10000,1.3274261,25932.4372165525,,,,
snapshots/LN_2020.05.21-08.00.01.json,30000,1.5015,15000,0.001,10000,1.3907894,20514.660302492,1.5011625,1.22324453125,15000,22256.7190463728
snapshots/LN_2019.09.30-22.54.41.json,300000,15.015,150000,0.001,10000,9.3184091,246542.96087117,,,,
snapshots/LN_2019.10.19-08.00.01.json,300000,15.015,150000,0.001,10000,8.9530441,242027.568759208,,,,
snapshots/LN_2019.11.21-08.00.01.json,300000,15.0015,150000,0.001,10000,13.40154002,185507.61324866,,,,
snapshots/LN_2019.12.31-08.00.01.json,300000,15.0015,150000,0.001,10000,12.60976085,191515.535275926,,,,
snapshots/LN_2020.01.21-08.00.01.json,300000,15.015,150000,0.001,10000,11.8419301,262737.105620675,,,,
snapshots/LN_2020.03.31-08.00.03.json,300000,15.015,150000,0.001,10000,14.3315172,174222.414525131,,,,
snapshots/LN_2020.04.29-08.00.02.json,300000,15.015,150000,0.001,10000,13.5759624,230573.654797057,,,,
snapshots/LN_2020.05.21-08.00.01.json,300000,15.015,150000,0.001,10000,14.0751611,183288.361893498,15.011625,12.26341560875,150000,214551.901873916
snapshots/LN_2019.09.30-22.54.41.json,3000000,150.15,1500000,0.001,10000,98.7053067,2420202.99921372,,,,
snapshots/LN_2019.10.19-08.00.01.json,3000000,150.15,1500000,0.001,10000,95.9084126,2413984.33039805,,,,
snapshots/LN_2019.11.21-08.00.01.json,3000000,150.015,1500000,0.001,10000,137.65106373,1824367.94076045,,,,
snapshots/LN_2019.12.31-08.00.01.json,3000000,150.015,1500000,0.001,10000,122.23852263,2013904.07622203,,,,
snapshots/LN_2020.01.21-08.00.01.json,3000000,150.15,1500000,0.001,10000,117.3987815,2593239.3717621,,,,
snapshots/LN_2020.03.31-08.00.03.json,3000000,150.15,1500000,0.001,10000,143.0363935,1764970.64098838,,,,
snapshots/LN_2020.04.29-08.00.02.json,3000000,150.15,1500000,0.001,10000,138.9281894,1948543.57923611,,,,
snapshots/LN_2020.05.21-08.00.01.json,3000000,150.15,1500000,0.001,10000,142.6491066,1743078.28394143,150.11625,124.5644720825,1500000,2090286.40281528
snapshots/LN_2019.09.30-22.54.41.json,30000000,1501.5,15000000,0.001,10000,1014.0901771,23050325.4685315,,,,
snapshots/LN_2019.10.19-08.00.01.json,30000000,1501.5,15000000,0.001,10000,1040.7309913,22976220.1953475,,,,
snapshots/LN_2019.11.21-08.00.01.json,30000000,1500.15,15000000,0.001,10000,1294.5474418,20166811.0633048,,,,
snapshots/LN_2019.12.31-08.00.01.json,30000000,1500.15,13466888,0.001,10000,1225.46083383,18647599.5781745,,,,
snapshots/LN_2019.09.30-22.54.41.json 3000 0.15015 1500.0 0.01 10000 0.0925925 1452.028291576236
snapshots/LN_2019.10.19-08.00.01.json 3000 0.15015 1500.0 0.01 10000 0.0925925 1452.028291576236
snapshots/LN_2019.11.21-08.00.01.json 3000 0.15001499999999998 1500.0 0.01 10000 0.06950695000000001 1454.4264452162208
snapshots/LN_2019.12.31-08.00.01.json 3000 0.15001499999999998 1500.0 0.01 10000 0.08570857 1521.7545652375036
snapshots/LN_2020.01.21-08.00.01.json 3000 0.15015 1500.0 0.01 10000 0.10540530000000001 1464.5057028519989
snapshots/LN_2020.03.31-08.00.03.json 3000 0.15015 1500.0 0.01 10000 0.10540530000000001 1464.5057028519989
snapshots/LN_2020.04.29-08.00.02.json 3000 0.15015 1500.0 0.01 10000 0.1020019 1504.185373073251
snapshots/LN_2020.05.21-08.00.01.json 3000 0.15015 1500.0 0.01 10000 0.1020019 1504.185373073251
snapshots/LN_2019.09.30-22.54.41.json 30000 1.5015 15000.0 0.01 10000 0.9263254 14520.282915762356
snapshots/LN_2019.10.19-08.00.01.json 30000 1.5015 15000.0 0.01 10000 0.9263254 14520.282915762356
snapshots/LN_2019.11.21-08.00.01.json 30000 1.50015 15000.0 0.01 10000 0.69516951 14544.264452162211
snapshots/LN_2019.12.31-08.00.01.json 30000 1.50015 15000.0 0.01 10000 0.8576857600000001 15217.545652375034
snapshots/LN_2020.01.21-08.00.01.json 30000 1.5015 15000.0 0.01 10000 1.0543532999999998 14645.05702851999
snapshots/LN_2020.03.31-08.00.03.json 30000 1.5015 15000.0 0.01 10000 1.0543532999999998 14645.05702851999
snapshots/LN_2020.04.29-08.00.02.json 30000 1.5015 15000.0 0.01 10000 1.0202192 15041.853730732506
snapshots/LN_2020.05.21-08.00.01.json 30000 1.5015 15000.0 0.01 10000 1.0202192 15041.853730732506
snapshots/LN_2019.09.30-22.54.41.json 300000 15.015 150000.0 0.01 10000 9.6076981 147115.25547918075
snapshots/LN_2019.10.19-08.00.01.json 300000 15.015 150000.0 0.01 10000 9.4198104 146072.11384924044
snapshots/LN_2019.11.21-08.00.01.json 300000 15.0015 150000.0 0.01 10000 6.95179511 145442.64452162207
snapshots/LN_2019.12.31-08.00.01.json 300000 15.0015 150000.0 0.01 10000 6.84898483 151768.56556403285
snapshots/LN_2020.01.21-08.00.01.json 300000 15.015 150000.0 0.01 10000 10.084074 147436.17810010974
snapshots/LN_2020.03.31-08.00.03.json 300000 15.015 150000.0 0.01 10000 9.7444347 148360.1755906239
snapshots/LN_2020.04.29-08.00.02.json 300000 15.015 150000.0 0.01 10000 10.2084983 150236.43254060918
snapshots/LN_2020.05.21-08.00.01.json 300000 15.015 150000 0.01 10000 10.2023922 150418.53730732505
snapshots/LN_2019.09.30-22.54.41.json 3000000 150.15 1500000.0 0.01 10000 98.11461659999999 1467841.4561887924
snapshots/LN_2019.10.19-08.00.01.json 3000000 150.15 1500000.0 0.01 10000 97.72312550000001 1475683.9437796082
snapshots/LN_2019.11.21-08.00.01.json 3000000 150.015 1500000.0 0.01 10000 81.4811473 1474138.1781947927
snapshots/LN_2019.12.31-08.00.01.json 3000000 150.015 1500000.0 0.01 10000 71.32253154 1507370.2659910603
snapshots/LN_2020.01.21-08.00.01.json 3000000 150.15 1500000.0 0.01 10000 97.362265 1491110.0450035548
snapshots/LN_2020.03.31-08.00.03.json 3000000 150.15 1500000.0 0.01 10000 101.55995850000001 1479302.8824407305
snapshots/LN_2020.04.29-08.00.02.json 3000000 150.15 1500000.0 0.01 10000 102.1492472 1498947.9012900118
snapshots/LN_2020.05.21-08.00.01.json 3000000 150.15 1500000 0.01 10000 102.2564543 1495785.1175647865
snapshots/LN_2019.09.30-22.54.41.json 30000000 1501.5 15000000.0 0.01 10000 957.8524956 14770050.493818957
snapshots/LN_2019.10.19-08.00.01.json 30000000 1501.5 15000000.0 0.01 10000 986.3437584 14785316.108507255
snapshots/LN_2019.11.21-08.00.01.json 30000000 1500.15 15000000.0 0.01 10000 784.28912107 14718014.939077629
snapshots/LN_2019.12.31-08.00.01.json 30000000 1500.15 13466888.0 0.01 10000 721.3954323300001 13631642.745870007
snapshots/LN_2020.01.21-08.00.01.json 30000000 1501.5 514811.0 0.01 10000 1026.3010757999998 508383.5963097474
snapshots/LN_2020.03.31-08.00.03.json 30000000 1501.5 7088226.0 0.01 10000 1000.3116123000001 7015580.179433931
snapshots/LN_2020.04.29-08.00.02.json 30000000 1501.5 6457740.0 0.01 10000 997.1978015999999 6354338.925137393
snapshots/LN_2020.05.21-08.00.01.json 30000000 1506.505 5480950.0 0.01 10000 1044.0784354 5336184.548350043
snapshots/LN_2019.09.30-22.54.41.json 300000000 2600.8810828 0 0.01 10000 1684.2254429 0
snapshots/LN_2019.10.19-08.00.01.json 300000000 3283.4252451 0 0.01 10000 2164.9094467 0
snapshots/LN_2019.11.21-08.00.01.json 300000000 5545.0110456600005 0 0.01 10000 2876.75354659 0
snapshots/LN_2019.12.31-08.00.01.json 300000000 10559.383132730001 0 0.01 10000 5418.41938776 0
snapshots/LN_2020.01.21-08.00.01.json 300000000 2506.3074036000003 0 0.01 10000 1658.118462 0
snapshots/LN_2020.03.31-08.00.03.json 300000000 2644.080439 0 0.01 10000 1755.5658119999998 0
snapshots/LN_2020.04.29-08.00.02.json 300000000 2854.6500983 0 0.01 10000 1874.9935204 0
snapshots/LN_2020.05.21-08.00.01.json 300000000 4062.6755169 0 0.01 10000 2795.1034111 0
snapshots/LN_2019.09.30-22.54.41.json 3000 0.15015 1500.0 0.01 10000 -861.7564579839593 1452.028291576236
snapshots/LN_2019.10.19-08.00.01.json 3000 0.15015 1500.0 0.01 10000 -861.7564579839593 1452.028291576236
snapshots/LN_2019.11.21-08.00.01.json 3000 0.15001499999999998 1500.0 0.01 10000 -625.9457591139396 1454.4264452162208
snapshots/LN_2019.12.31-08.00.01.json 3000 0.15001499999999998 1500.0 0.01 10000 -816.9218653894794 1521.7545652375036
snapshots/LN_2020.01.21-08.00.01.json 3000 0.15015 1500.0 0.01 10000 -998.5954732155647 1464.5057028519989
snapshots/LN_2020.03.31-08.00.03.json 3000 0.15015 1500.0 0.01 10000 -998.5954732155647 1464.5057028519989
snapshots/LN_2020.04.29-08.00.02.json 3000 0.15015 1500.0 0.01 10000 -1005.1163103717124 1504.185373073251
snapshots/LN_2020.05.21-08.00.01.json 3000 0.15015 1500.0 0.01 10000 -1005.1163103717124 1504.185373073251
snapshots/LN_2019.09.30-22.54.41.json 30000 1.5015 15000.0 0.01 10000 -8617.564179439592 14520.282915762356
snapshots/LN_2019.10.19-08.00.01.json 30000 1.5015 15000.0 0.01 10000 -8617.564179439592 14520.282915762356
snapshots/LN_2019.11.21-08.00.01.json 30000 1.50015 15000.0 0.01 10000 -6259.4574911293985 14544.264452162211
snapshots/LN_2019.12.31-08.00.01.json 30000 1.50015 15000.0 0.01 10000 -8169.218053834793 15217.545652375034
snapshots/LN_2020.01.21-08.00.01.json 30000 1.5015 15000.0 0.01 10000 -9985.95443185565 14645.05702851999
snapshots/LN_2020.03.31-08.00.03.json 30000 1.5015 15000.0 0.01 10000 -9985.95443185565 14645.05702851999
snapshots/LN_2020.04.29-08.00.02.json 30000 1.5015 15000.0 0.01 10000 -10051.162903517125 15041.853730732506
snapshots/LN_2020.05.21-08.00.01.json 30000 1.5015 15000.0 0.01 10000 -10051.162903517125 15041.853730732506
snapshots/LN_2019.09.30-22.54.41.json 300000 15.015 150000.0 0.01 10000 -91432.1702825135 147115.25547918075
snapshots/LN_2019.10.19-08.00.01.json 300000 15.015 150000.0 0.01 10000 -88564.97293445846 146072.11384924044
snapshots/LN_2019.11.21-08.00.01.json 300000 15.0015 150000.0 0.01 10000 -62594.574811283965 145442.64452162207
snapshots/LN_2019.12.31-08.00.01.json 300000 15.0015 150000.0 0.01 10000 -65263.19415295112 151768.56556403285
snapshots/LN_2020.01.21-08.00.01.json 300000 15.015 150000.0 0.01 10000 -96375.71473775893 147436.17810010974
snapshots/LN_2019.09.30-22.54.41.json 3000 0.15015 1500.0 0.001 10000 -866.6080529085517 1601.511507265802
snapshots/LN_2019.10.19-08.00.01.json 3000 0.15015 1500.0 0.001 10000 -866.6080529085517 1601.511507265802
snapshots/LN_2019.11.21-08.00.01.json 3000 0.15001499999999998 1500.0 0.001 10000 -629.470060105025 1675.6152610509687
snapshots/LN_2019.12.31-08.00.01.json 3000 0.15001499999999998 1500.0 0.001 10000 -821.5210501656828 2094.782879448077
snapshots/LN_2020.01.21-08.00.01.json 3000 0.15015 1500.0 0.001 10000 -1004.2173985562812 1646.2407255989713
snapshots/LN_2020.03.31-08.00.03.json 3000 0.15015 1500.0 0.001 10000 -1004.2173985562812 1646.2407255989713
snapshots/LN_2020.04.29-08.00.02.json 3000 0.15015 1500.0 0.001 10000 -1010.7749219411015 1677.4691796442914
snapshots/LN_2020.05.21-08.00.01.json 3000 0.15015 1500.0 0.001 10000 -1010.7749219411015 1677.4691796442914
snapshots/LN_2019.09.30-22.54.41.json 30000 1.5015 15000.0 0.001 10000 -8666.080428985519 16015.115072658022
snapshots/LN_2019.10.19-08.00.01.json 30000 1.5015 15000.0 0.001 10000 -8666.080428985519 16015.115072658022
snapshots/LN_2019.11.21-08.00.01.json 30000 1.50015 15000.0 0.001 10000 -6294.700101000251 16756.152610509693
snapshots/LN_2019.12.31-08.00.01.json 30000 1.50015 15000.0 0.001 10000 -8215.210501656833 20947.828794480778
snapshots/LN_2020.01.21-08.00.01.json 30000 1.5015 15000.0 0.001 10000 -10042.173184762813 16462.407255989714
snapshots/LN_2020.03.31-08.00.03.json 30000 1.5015 15000.0 0.001 10000 -10042.173184762813 16462.407255989714
snapshots/LN_2020.04.29-08.00.02.json 30000 1.5015 15000.0 0.001 10000 -10107.748718911014 16774.691796442916
snapshots/LN_2020.05.21-08.00.01.json 30000 1.5015 15000.0 0.001 10000 -10107.748718911014 16774.691796442916
snapshots/LN_2019.09.30-22.54.41.json 300000 15.015 150000.0 0.001 10000 -91946.92088578198 162936.26538045812
snapshots/LN_2019.10.19-08.00.01.json 300000 15.015 150000.0 0.001 10000 -89063.58420583101 161417.11193288834
snapshots/LN_2019.11.21-08.00.01.json 300000 15.0015 150000.0 0.001 10000 -62947.0002099225 167561.52610509685
snapshots/LN_2019.12.31-08.00.01.json 300000 15.0015 150000.0 0.001 10000 -65630.64106499529 197717.2886419849
snapshots/LN_2020.01.21-08.00.01.json 300000 15.015 150000.0 0.001 10000 -96918.29212354576 164504.71541474626
snapshots/LN_2020.03.31-08.00.03.json 300000 15.015 150000.0 0.001 10000 -94481.82588791708 165012.968348365
snapshots/LN_2020.04.29-08.00.02.json 300000 15.015 150000.0 0.001 10000 -100955.39443417329 167563.7881413239
snapshots/LN_2020.05.21-08.00.01.json 300000 15.015 150000 0.001 10000 -101077.48698891012 167746.9179644291
snapshots/LN_2019.09.30-22.54.41.json 3000000 150.15 1500000.0 0.001 10000 -937159.4828628321 1620942.412366986
snapshots/LN_2019.10.19-08.00.01.json 3000000 150.15 1500000.0 0.001 10000 -940922.1356080332 1630550.6366465103
snapshots/LN_2019.11.21-08.00.01.json 3000000 150.015 1500000.0 0.001 10000 -766788.1014281191 1720423.1426428892
snapshots/LN_2019.12.31-08.00.01.json 3000000 150.015 1500000.0 0.001 10000 -681235.9223843225 1905343.2100006829
snapshots/LN_2020.01.21-08.00.01.json 3000000 150.15 1500000.0 0.001 10000 -951220.8638137106 1660374.4079395493
snapshots/LN_2020.03.31-08.00.03.json 3000000 150.15 1500000.0 0.001 10000 -982062.9025688855 1643551.8428863897
snapshots/LN_2020.04.29-08.00.02.json 3000000 150.15 1500000.0 0.001 10000 -1005513.6541440352 1665494.0172526129
snapshots/LN_2020.05.21-08.00.01.json 3000000 150.15 1500000 0.001 10000 -1001701.9107886764 1659599.60521447
snapshots/LN_2019.09.30-22.54.41.json 30000000 1501.5 15000000.0 0.001 10000 -9226928.268723387 16326569.393557241
snapshots/LN_2019.10.19-08.00.01.json 30000000 1501.5 15000000.0 0.001 10000 -9526125.951220356 16363118.611435074
snapshots/LN_2019.11.21-08.00.01.json 30000000 1500.15 15000000.0 0.001 10000 -7339480.005277436 17162762.91684224
snapshots/LN_2019.12.31-08.00.01.json 30000000 1500.15 13466888.0 0.001 10000 -6789166.597148329 16547060.154043512
snapshots/LN_2020.01.21-08.00.01.json 30000000 1501.5 514811.0 0.001 10000 -9965386.91586386 565133.3306631921
snapshots/LN_2020.03.31-08.00.03.json 30000000 1501.5 7088226.0 0.001 10000 -9713985.929626498 7800891.940732679
snapshots/LN_2020.04.29-08.00.02.json 30000000 1501.5 6457740.0 0.001 10000 -9640481.65500615 7026551.353038951
snapshots/LN_2020.05.21-08.00.01.json 30000000 1506.505 5480950.0 0.001 10000 -10068397.843813568 6007492.646579769
snapshots/LN_2019.09.30-22.54.41.json 300000000 2600.8810828 0 0.001 10000 -16189722.811749047 0
snapshots/LN_2019.10.19-08.00.01.json 300000000 3283.4252451 0 0.001 10000 -21022072.400765035 0
snapshots/LN_2019.11.21-08.00.01.json 300000000 5545.0110456600005 0 0.001 10000 -27031166.389727462 0
snapshots/LN_2019.12.31-08.00.01.json 300000000 10559.383132730001 0 0.001 10000 -50703632.80964775 0
snapshots/LN_2020.01.21-08.00.01.json 300000000 2506.3074036000003 0 0.001 10000 -16053080.972975101 0
snapshots/LN_2020.03.31-08.00.03.json 300000000 2644.080439 0 0.001 10000 -17021771.60739222 0
snapshots/LN_2020.04.29-08.00.02.json 300000000 2854.6500983 0 0.001 10000 -17953360.09878309 0
snapshots/LN_2020.05.21-08.00.01.json 300000000 4062.6755169 0 0.001 10000 -27202978.322580643 0
